{"normalScore":[7.285290718078613,1.4432710409164429,0.0,0.0,0.0],"hardScore":[0.0,0.0,0.0],"volume":1.0}